"star_number";"STAR_NAME";"distance";"temperature";"Mass";"star radius";"luminosity";"STELLAR CLASS"
2022;"Pherkad";222,22;3219;0,3;0,49;0,01;"M|0|V"
2218;"Saltillo";321,509;2488;0,2;0,25;0,04;"M|6|V"
871;"Findal";584,066;2404;0,4;0,54;0,05;"M|3|V"
254;"Bannerhoft";620,134;3144;0,2;0,36;0,01;"M|2|V"
2110;"Rajkot";375,164;2762;0,2;0,68;0,03;"M|4|V"
1198;"Ingonish";355,186;NA;0,4;0,66;0,05;"M|5|V"
3040;"Trelleborg";927,031;3759;0,5;0,93;0,28;"K|4|V"
1920;"Odawara";355,238;2830;0,2;0,42;0,05;"M|3|V"
1305;"Katlehong";333,063;5132;0,8;0,87;0,48;"K|0|V"
2143;"Rentz";578,851;2582;0,3;0,26;0,06;"M|3|V"
1091;"Helsingfors";209,705;3266;0,4;0,36;0,05;"M|3|V"
2261;"Schirmeck";399,065;2524;0,1;0,62;0,05;"M|8|V"
848;"Famdo";597,46;2477;0,1;0,52;0,03;"M|2|V"
22;"Acrux";354,376;4136;0,6;0,74;0,43;"K|0|V"
397;"Brixtana";459,358;2687;0,1;0,53;0,06;"M|7|V"
446;"Calpaca";215,775;3850;0,7;0,91;0,1;"K|7|V"
2443;"Sutama";153,458;2514;0,2;0,4;0,07;"M|5|V"
2728;"Waxell";332,347;2935;0,3;0,59;0,02;"M|4|V"
1541;"Luxen";504,406;2495;0,2;0,69;0,04;"M|7|V"
2498;"Tau Ceti";12,785;3266;0,4;0,35;0,03;"M|3|V"
2617;"Ukunela";295,225;3119;0,4;0,67;0,01;"M|1|V"
3166;"Wheeler";534,459;NA;0,1;0,15;0,03;"M|2|V"
588;"Conroe";388,068;2464;0,1;0,22;0,05;"M|4|V"
583;"Conakry";342,513;2862;0,3;0,23;0,07;"M|2|V"
2601;"Turin";368,468;5320;0,9;1,13;1,19;"G|5|V"
2064;"Pressville";645,184;5505;1;1,12;0,82;"G|5|V"
1913;"Nusakan";55,526;2794;0,4;0,2;0,08;"M|4|V"
1899;"Nova Roma";157,713;2964;0,4;0,31;0,01;"M|3|V"
1406;"Koumi";262,482;2483;0,2;0,22;0,07;"M|2|V"
2240;"Sarikavak";425,824;4007;0,7;0,94;0,13;"K|7|V"
180;"Armstrong";488,465;3045;0,1;0,61;0,08;"M|4|V"
2446;"Svarstaad";344,223;4518;0,5;0,81;0,47;"K|3|V"
2075;"Propus";184,226;2581;0,2;0,61;0,01;"M|3|V"
741;"Drienfontein";397,279;5363;0,9;1,09;1,2;"G|5|V"
7;"Abejorral";325,319;4548;0,6;0,85;0,38;"K|0|V"
2538;"Thule";464,575;5555;NA;1,08;0,84;"G|2|V"
2503;"Tazaraki";319,649;5496;1;1,01;0,75;"G|2|V"
2748;"Westerstede";268,316;2830;0,3;0,66;0,04;"M|2|V"
2296;"Shaul Khala";256,784;4013;0,7;0,93;0,27;"K|4|V"
776;"Eigerland";602,061;3206;0,1;0,11;0,08;"M|1|V"
1485;"Leyda";354,159;5345;0,9;1,13;1,45;"G|3|V"
2722;"Warren";443,414;2463;0,4;0,39;0,05;"M|8|V"
46;"Aix-la-Chapelle";179,764;2906;0,3;0,34;0,04;"M|1|V"
1579;"Manassas";338,263;3603;0,4;0,6;0,03;"M|0|V"
2687;"Vikindu";289,802;2591;0,1;0,22;0,07;"M|2|V"
2273;"Seiduts";370,755;2611;0,4;0,23;0,06;"M|5|V"
2888;"Carvajal";603,335;4233;NA;0,75;0,59;"K|5|V"
2398;"Stanzach";316,164;2782;0,4;0,49;0,02;"M|2|V"
1403;"Kostinbrod";406,765;5218;0,9;1,09;1,36;"G|4|V"
1222;"Itzehoe";524,376;3085;0,4;0,08;NA;"M|3|V"
3001;"Lynn";1024,177;3338;0,3;0,62;0,07;"M|0|V"
1741;"Molokai";321,508;2454;0,1;0,61;0,07;"M|8|V"
1420;"Kujari";266,335;2962;0,2;0,09;0,08;"M|3|V"
2253;"Sawyer";465,727;4143;0,8;0,95;0,16;"K|2|V"
581;"Columbine";353,98;3369;0,4;0,57;0,07;"M|1|V"
24;"Ad Duwayd";520,786;3140;0,3;0,62;0,06;"M|3|V"
2799;"Yidtall";480,298;NA;0,1;0,6;0,06;"M|6|V"
122;"An Ting";321,018;2779;0,4;0,45;0,03;"M|3|V"
1737;"Mohács";323,03;2486;0,2;0,3;0,04;"M|8|V"
1729;"Miyazaki";77,149;3105;0,1;0,32;0,05;"M|4|V"
2210;"Sakhalin";154,566;2477;0,2;0,26;0,07;"M|8|V"
3063;"The Eyes in the Dark";982,065;2948;0,3;0,37;0,04;"M|5|V"
1907;"Nukus";320,607;2512;0,3;0,58;0,05;"M|5|V"
1329;"Kentares";149,985;2747;0,2;0,55;0,02;"M|5|V"
99;"Altdorf";353,928;2608;0,2;0,63;0,03;"M|5|V"
3038;"Transfer Station P3";892,752;NA;0,6;0,83;0,11;"K|5|V"
1743;"Monhegan";217,623;3771;0,6;0,78;0,43;"K|7|V"
25;"Addasar";517,358;2735;0,4;0,07;0,06;"M|4|V"
183;"Arromanches";432,784;3373;0,2;0,52;0,05;"M|0|V"
2154;"Ridgebrook";377,737;5585;0,9;1,05;1,13;"G|3|V"
1984;"Paran";585,85;2931;0,2;0,59;0,07;"M|5|V"
538;"Chichibu";117,458;2468;0,2;0,19;0,07;"M|6|V"
988;"Graceland";265,811;3371;0,3;0,48;0,06;"M|1|V"
598;"Corey";137,904;2546;0,3;0,62;0,05;"M|3|V"
2010;"Perdido";460,796;4752;0,5;0,9;0,12;"K|0|V"
1469;"Layover";205,173;5307;NA;1,01;0,84;"G|4|V"
2161;"Robsart";380,705;3087;0,4;0,29;0,06;"M|2|V"
19;"Achton";660,516;2741;0,4;0,38;0,04;"M|5|V"
736;"Dover";241,061;2791;0,3;0,28;0,08;"M|2|V"
1421;"Kumqwat";307,86;2581;0,2;0,52;0,04;"M|3|V"
2082;"Puttalam";759,525;NA;0,5;0,87;0,48;"K|2|V"
222;"Avranches";340,42;3198;0,1;0,38;0,08;"M|2|V"
1456;"Laong";250,764;2491;0,2;0,63;0,03;"M|7|V"
502;"Celebes";140,327;3878;0,6;0,78;0,17;"K|5|V"
2162;"Rochelle";114,885;3192;0,1;0,49;0,07;"M|3|V"
2190;"Ruschegg";365,791;3221;0,4;0,25;0,02;"M|3|V"
230;"Azur";700,449;2786;0,3;0,08;0,08;"M|6|V"
365;"Boondock";591,287;2964;0,3;0,63;0,06;"M|4|V"
3093;"T Cephei";690,617;5589;0,8;1,1;1,28;"G|4|V"
54;"Albert Falls";291,568;4459;0,7;0,83;0,42;"K|3|V"
2930;"Babylon";1605,647;3205;0,3;0,48;0,04;"M|3|V"
316;"Bethel";231,664;4152;0,7;0,77;0,35;"K|5|V"
2437;"Sun Prairie";326,464;3949;0,5;0,94;0,42;"K|2|V"
1702;"Millerton";446,355;2951;0,2;0,47;0,04;"M|0|V"
181;"Arn";421,04;4040;0,5;0,76;0,09;"K|5|V"
345;"Blue Diamond";186,129;3705;0,6;0,74;0,21;"K|5|V"
789;"Elidere";290,068;2508;0,4;0,28;0,07;"M|8|V"
957;"Gingeria";565,302;2755;0,3;0,53;0,02;"M|1|V"
2567;"Tormentine";412,22;3296;0,3;0,45;0,07;"M|1|V"
2644;"Valabhi";478,969;NA;0,5;0,79;0,11;"K|6|V"
1113;"Hinckley";463,02;2523;0,2;0,17;0,03;"M|2|V"
2208;"Saiph";68,188;4580;0,6;0,93;0,35;"K|3|V"
1829;"New Galicia";424,916;3095;0,2;0,17;0,06;"M|2|V"
1991;"Pascagoula";433,421;4729;0,6;0,78;0,2;"K|0|V"
2806;"Yumesta";282;NA;1;0,97;0,98;"G|2|V"
1193;"Incukalns";292,906;2565;0,4;0,47;NA;"M|5|V"
2088;"Quantraine";499,698;5312;1;0,97;1,46;"G|5|V"
2105;"Radostov";311,275;3922;0,5;0,72;0,26;"K|6|V"
2109;"Rahne";142,229;2965;0,2;0,43;0,05;"M|5|V"
260;"Barlow's End";310,951;2420;0,2;0,52;0,06;"M|7|V"
656;"Danais";153,487;2803;0,2;0,65;0,06;"M|4|V"
2239;"Sargasso";344,965;2496;0,3;0,29;0,03;"M|1|V"
2478;"Tangerz";190,998;3801;0,5;0,81;0,23;"K|7|V"
1819;"New Caledonia";409,831;4162;0,5;0,9;0,1;"K|3|V"
2812;"Zalzangor";421,9;2411;0,3;0,29;0,06;"M|8|V"
889;"Flynn";663,056;2511;0,4;0,11;0,05;"M|3|V"
1220;"Ito";275,684;3912;0,8;0,71;0,17;"K|3|V"
2762;"Winfield";537,907;4359;0,5;0,72;0,17;"K|4|V"
1824;"New Dallas";60,599;5276;0,9;1,13;0,84;"G|2|V"
3088;"Shady Palms";818,474;3145;0,2;0,66;0,02;"M|3|V"
2097;"Quimper";338,27;5163;0,5;0,86;0,43;"K|0|V"
755;"Durabon";522,547;2713;0,4;0,43;0,03;"M|3|V"
799;"Emerson";206,859;2469;0,2;0,52;0,05;"M|5|V"
917;"Galatea";63,663;2775;0,4;0,63;0,01;"M|2|V"
603;"Coromodir";475,527;2780;0,2;0,4;0,05;"M|2|V"
2055;"Portland";516,729;2937;0,2;0,28;0,05;"M|5|V"
1607;"Mariefred";181,997;2645;0,3;0,5;0,02;"M|0|V"
923;"Gallery";225,874;NA;0,4;0,51;0,02;"M|5|V"
836;"Exedor";208,309;2411;0,1;0,61;0,06;"M|2|V"
699;"Devil's Breath";557,736;4651;0,7;0,79;0,21;"K|3|V"
1144;"Hrafn";660,835;2507;0,4;0,43;0,02;"M|8|V"
1670;"Memmingen";308,667;4335;0,6;0,72;0,57;"K|4|V"
2849;"Zumbo";729,844;3757;0,8;0,82;0,31;"K|3|V"
790;"Elissa";484,659;3555;0,3;0,43;0,07;"M|1|V"
1016;"Guatavita";372,438;2468;0,2;0,18;0,05;"M|5|V"
1731;"Mizt";680,623;3082;0,3;0,6;0,03;"M|4|V"
131;"Andurien";317,943;2835;0,3;0,53;0,06;"M|4|V"
868;"Fiery Plains";553,003;2522;0,3;0,56;0,06;"M|4|V"
21;"Aconcagua";334,065;5517;0,8;1,01;1,34;"G|5|V"
577;"Colinas";190,887;3160;0,3;0,36;0,02;"M|3|V"
1208;"Irece";344,391;3768;0,7;0,89;NA;"K|3|V"
2454;"Sylvester";381,048;3013;0,2;0,13;0,03;"M|3|V"
129;"Andelys";458,79;2680;0,2;0,41;NA;"M|7|V"
1190;"Ina";438,829;2763;0,3;0,62;0,02;"M|1|V"
2889;"Celano";582,257;3222;0,4;0,35;0,01;"M|3|V"
1316;"Kazu";377,985;4171;0,7;0,74;0,43;"K|2|V"
2033;"Pinnacle";436,836;2994;0,2;0,2;0,06;"M|0|V"
1255;"Jodipur";475,603;4279;0,7;0,82;0,3;"K|2|V"
2048;"Pollux";35,173;3160;0,2;0,41;0,08;"M|0|V"
845;"Fallry";655,573;3074;0,4;0,52;0,05;"M|1|V"
2470;"Tall Trees";66,747;2894;0,1;0,46;0,03;"M|4|V"
958;"Girondas";448,547;3968;0,5;0,73;0,31;"K|7|V"
488;"Cascade";228,139;4354;0,7;0,95;0,19;"K|2|V"
648;"Dainmar Majoris";488,176;2996;0,2;0,26;0,01;"M|2|V"
881;"Fletcher";52,379;2556;0,1;0,63;0,05;"M|6|V"
2440;"Surcin";217,445;2879;0,4;0,68;0,05;"M|2|V"
1487;"Lhasa";188,792;5444;1;1,04;0,74;"G|3|V"
1927;"Ohrensen";122,845;2600;0,4;0,39;0,03;"M|3|V"
2633;"Unzmarkt";364,943;5136;0,7;0,8;0,28;"K|0|V"
2969;"York";1808,4;2465;NA;0,19;0,03;"M|6|V"
1436;"La Grave";252,315;2807;0,3;0,13;0,05;"M|5|V"
1798;"Narellan";305,878;2746;0,3;0,67;0,01;"M|5|V"
1180;"Illium";485,719;3142;0,4;0,42;0,07;"M|3|V"
1480;"Les Halles";191,978;5575;0,8;1,06;1,13;"G|2|V"
727;"Dol";282,033;2450;0,3;0,66;0,04;"M|3|V"
2852;"Zwenkau";233,922;3177;0,3;0,4;0,03;"M|2|V"
2998;"Köln";1009,557;2479;0,4;0,14;0,07;"M|6|V"
400;"Brockton";545,165;2840;0,4;0,17;0,06;"M|2|V"
1454;"Land's End";518,428;3804;0,5;0,7;0,24;"K|2|V"
2721;"Warlock";284,393;3994;0,5;0,74;0,27;"K|5|V"
369;"Borgan's Rift";425,268;3919;NA;0,81;0,2;"K|6|V"
1794;"Nam Dinh";260,125;3933;0,6;0,8;0,26;"K|7|V"
1524;"Loxley";384,378;3142;0,4;0,51;0,06;"M|2|V"
2310;"Shimonita";124,883;3226;0,3;0,08;0,03;"M|3|V"
1268;"Junction";156,246;2622;0,3;0,24;0,04;"M|5|V"
1695;"Micanos";680,078;3863;0,6;0,88;NA;"K|7|V"
856;"Fefferfer";203,944;2589;0,3;0,33;0,03;"M|6|V"
248;"Baltar";608,476;3873;0,7;0,92;0,3;"K|7|V"
2380;"Soul";469,4;5254;0,9;1,04;1,44;"G|3|V"
659;"Danli";721,219;2921;NA;0,58;0,02;"M|2|V"
2711;"Waipahu";466,09;2991;0,3;0,18;0,02;"M|2|V"
2720;"Ward";414,519;2439;0,1;0,47;0,04;"M|2|V"
1958;"Ottumwa";399,975;2460;0,2;0,5;0,03;"M|4|V"
398;"Broaddus";468,359;3347;0,1;0,32;0,06;"M|1|V"
2925;"The Rock";507,196;2802;0,1;0,52;0,04;"M|3|V"
305;"Beowulf";522,195;4609;0,6;0,73;0,09;"K|3|V"
3060;"St. Andreas";687,948;2700;0,2;0,3;0,01;"M|3|V"
1382;"Kobe";281,853;3085;0,2;0,46;0,08;"M|3|V"
1586;"Manennaia";93,698;3008;0,1;0,51;0,08;"M|3|V"
1791;"Najha";214,127;2834;0,3;0,25;0,04;"M|5|V"
214;"Austerlitz";530,094;2816;0,1;0,7;0,05;"M|3|V"
2209;"Sakai";233,195;2907;0,3;0,29;0,04;"M|5|V"
28;"Adelson";532,641;2533;0,4;0,6;0,06;"M|5|V"
1592;"Mannedorf";232,161;2502;0,4;0,66;0,03;"M|6|V"
258;"Barcelona";459,609;2515;0,3;0,66;0,06;"M|4|V"
1569;"Malacca";516,353;5270;NA;1,06;1,3;"G|2|V"
1534;"Lukla";231,841;4494;0,6;0,95;0,56;"K|0|V"
721;"Dirkel";533,914;3073;0,4;0,37;0,01;"M|0|V"
1509;"Logres";363,213;3081;0,2;0,32;NA;"M|2|V"
2270;"Second Try";120,802;NA;0,6;0,72;NA;"K|4|V"
1844;"New Praha";204,488;2880;0,4;0,17;NA;"M|0|V"
1158;"Huron";323,203;4275;0,8;0,75;0,23;"K|2|V"
1152;"Hun Ho";285,115;4311;0,7;0,85;0,59;"K|0|V"
691;"Denizli";365,293;3886;0,7;0,77;0,52;"K|5|V"
2737;"Weingarten";300,951;4510;0,8;0,89;0,09;"K|3|V"
2733;"Wedderborg";479,88;4087;0,6;0,89;0,38;"K|5|V"
1299;"Karston";277,256;2967;0,4;0,11;NA;"M|5|V"
475;"Caripare";326,181;2583;0,2;0,45;0,06;"M|4|V"
1083;"Helen";58,324;3026;0,3;0,5;0,04;"M|2|V"
1922;"Odessa";221,364;4053;0,8;0,8;0,27;"K|5|V"
220;"Avior";200,721;3087;0,4;0,56;0,05;"M|2|V"
407;"Bruben";388,51;2405;0,4;0,55;0,04;"M|5|V"
1519;"Lost";486,001;4148;0,7;0,7;0,16;"K|3|V"
409;"Brusett";409,833;4830;0,6;0,92;NA;"K|2|V"
1376;"Kleinwelt";539,674;3058;0,1;0,5;0,04;"M|3|V"
2582;"Tresspass";589,45;4060;0,7;0,88;0,12;"K|3|V"
1917;"Obrenovac";384,352;2591;0,3;0,51;0,06;"M|3|V"
511;"Chaffee";126,066;4047;0,6;0,75;0,35;"K|0|V"
112;"Ambatomainty";722,916;3845;0,8;0,93;0,08;"K|3|V"
788;"Eleusis";380,379;4197;0,5;0,91;0,42;"K|0|V"
2835;"Zetang";725,84;3156;0,2;0,12;NA;"M|2|V"
895;"Fort Loudon";211,565;2836;0,3;0,14;0,07;"M|5|V"
2618;"Ulan Batar";146,816;2520;0,2;0,6;0,03;"M|2|V"
1096;"Here";469,486;3164;0,3;0,52;0,02;"M|1|V"
1985;"Pardeau";149,723;4297;0,6;0,91;0,11;"K|2|V"
884;"Flintoft";384,391;2854;0,3;0,53;0,03;"M|5|V"
2409;"Sterlington";526,959;2876;0,4;0,44;0,02;"M|2|V"
2122;"Rasalgethi";216,273;2833;0,3;0,36;0,03;"M|1|V"
1881;"No Return";186,091;3006;0,2;0,44;0,07;"M|1|V"
1111;"Hillerod";191,249;3718;0,6;0,87;0,5;"K|3|V"
1074;"Heathville";518,04;3862;0,6;0,89;0,09;"K|3|V"
2531;"Thestria";301,629;2786;0,2;0,17;0,08;"M|1|V"
506;"Cerberus";512,542;4023;0,5;0,95;0,12;"K|6|V"
479;"Carmen";266,01;3042;0,4;0,15;0,06;"M|2|V"
2590;"Truth";177,533;2580;0,3;0,43;0,05;"M|3|V"
1003;"Greenlaw";277,786;3179;0,1;0,54;0,06;"M|3|V"
858;"Fellanin";136,093;3139;0,1;0,41;0,02;"M|3|V"
1792;"Naka Pabni";477,362;2627;0,2;0,15;0,01;"M|3|V"
2522;"Teylingen";434,567;3287;0,1;0,6;0,04;"M|2|V"
319;"Bex";56,242;3068;0,1;0,13;0,02;"M|3|V"
753;"Dunkerque";336,109;3144;0,3;0,55;0,05;"M|3|V"
161;"Aquavita";302,529;4341;0,7;0,87;0,15;"K|3|V"
2007;"Pencader";354,437;2556;0,3;0,52;0,01;"M|6|V"
1195;"Indrapurai";567,628;3014;0,3;0,43;0,01;"M|4|V"
2375;"Songgang";444,104;5248;0,9;1,12;0,96;"G|5|V"
1325;"Kendall";421,178;NA;0,6;0,93;0,09;"K|7|V"
888;"Flychenia";208,019;2836;0,3;0,23;0,06;"M|0|V"
724;"Dneiper";525,276;2706;0,1;0,58;0,04;"M|5|V"
229;"Azha";74,442;2564;0,3;0,26;0,04;"M|4|V"
1465;"Launam";167,677;4034;0,5;0,87;0,11;"K|2|V"
547;"Chitwan";173,436;3924;0,6;0,86;0,23;"K|5|V"
1759;"Moritz";321,08;2583;0,2;0,52;0,06;"M|3|V"
2344;"Sinope";429,558;2464;0,2;0,55;0,04;"M|7|V"
2465;"Tainjin";456,103;3782;0,7;0,75;0,41;"K|6|V"
422;"Butte Hold";473,261;4047;0,7;0,87;0,35;"K|3|V"
16;"Accrington";145,319;NA;NA;0,16;0,07;"M|0|V"
171;"Argyle";277,741;2656;0,2;0,19;0,07;"M|7|V"
1082;"Helduza";588,518;2814;0,2;0,27;0,08;"M|3|V"
2523;"Teyvareb";413,858;NA;0,4;0,49;0,03;"M|2|V"
810;"Enzesfled";401,763;4089;0,8;0,79;0,17;"K|3|V"
833;"Evciler";369,143;2802;0,4;0,19;0,04;"M|3|V"
1525;"Loyalty";268,853;4968;0,8;0,89;0,39;"K|1|V"
2020;"Phalan";135,839;NA;0,3;0,07;0,01;"M|3|V"
1547;"Lyreton";424,809;4406;0,5;0,85;0,2;"K|0|V"
1042;"Halloran";106,047;2455;0,4;0,11;NA;"M|4|V"
1028;"Haddings";46,185;2414;0,1;0,48;0,08;"M|8|V"
228;"Ayn Tarma";348,425;2726;0,1;0,59;0,03;"M|5|V"
2215;"Salem";262,141;4105;0,5;0,84;0,58;"K|5|V"
1303;"Katinka";476,011;2937;0,3;0,61;0,04;"M|3|V"
893;"Ford";193,561;4102;0,5;0,86;0,31;"K|4|V"
3026;"Nouveaux Paris";853,745;2604;0,1;0,46;0,01;"M|3|V"
2573;"Tovetin";427,842;3256;0,3;0,57;0,05;"M|3|V"
192;"Ashio";99,33;3427;0,4;0,4;0,04;"M|0|V"
120;"Ammon";659,668;2404;0,4;0,53;0,02;"M|4|V"
2130;"Reinbak";534,192;3084;0,2;0,36;0,02;"M|4|V"
1355;"Kimi";413,929;4203;0,6;0,91;0,54;"K|3|V"
1001;"Greeley";451,056;4035;0,7;0,92;0,58;"K|5|V"
2045;"Pojos";386,641;2601;0,2;0,26;0,06;"M|1|V"
221;"Avon";292,275;NA;0,2;0,32;0,04;"M|7|V"
3028;"Salonika";1067,065;3206;0,1;0,57;0,04;"M|3|V"
128;"Andarmax";386,507;3085;0,2;0,38;NA;"M|3|V"
1039;"Halifax";459,445;4690;0,7;0,91;0,47;"K|2|V"
2131;"Reinhardstein";222,018;3118;NA;0,36;0,05;"M|1|V"
2603;"Turkalia";304,931;4144;0,6;0,88;0,2;"K|5|V"
1676;"Menke";343,107;2448;0,3;0,1;0,05;"M|7|V"
2072;"Procyon";12,159;2623;0,2;0,39;0,02;"M|1|V"
2079;"Pula";354,679;2617;0,4;0,16;0,08;"M|2|V"
2813;"Zambezi";431,563;2783;0,3;0,38;0,06;"M|5|V"
3008;"Visby";1098,304;4698;0,6;0,9;0,38;"K|3|V"
1631;"Mauripur";327,704;2983;0,1;0,11;0,02;"M|2|V"
2327;"Sian";229,773;2736;0,4;0,22;0,07;"M|4|V"
1641;"McComb";229,639;3473;NA;0,64;0,03;"M|0|V"
1697;"Mickleover";594,626;2771;0,3;0,43;0,03;"M|3|V"
2842;"Zlatousi";480,441;5715;1;1,12;1,41;"G|2|V"
1069;"Haynesville";462,104;5681;1;1,15;0,63;"G|2|V"
1685;"Mermentau";522,843;2560;0,1;0,5;0,01;"M|1|V"
929;"Gambier";386,476;NA;0,3;0,53;0,04;"M|5|V"
2483;"Tania Borealis";118,974;2510;0,4;0,17;0,08;"M|3|V"
1318;"Keeling";278,311;3822;0,5;0,79;0,2;"K|2|V"
1508;"Logan's Land";481,64;2880;0,1;0,3;0,05;"M|5|V"
842;"Faleolo";274,904;2563;0,4;0,33;0,07;"M|1|V"
2397;"Stantsiya";393,387;2807;0,3;0,2;0,07;"M|4|V"
2347;"Skallevoll";437,516;4121;0,8;0,71;0,08;"K|1|V"
2457;"Synsstad";512,745;3112;0,2;0,48;0,05;"M|3|V"
176;"Arlington";234,954;3156;0,3;0,67;0,02;"M|2|V"
672;"Decatur";340,59;2567;0,2;0,47;0,07;"M|3|V"
2416;"Stonarboi";325,195;2570;0,4;0,6;0,07;"M|6|V"
1675;"Menkar";129,257;2697;0,4;0,13;0,07;"M|3|V"
2469;"Talitha";48,665;3833;0,7;0,9;0,47;"K|6|V"
1057;"Harminous";481,747;4070;0,7;0,75;0,55;"K|3|V"
1402;"Kossandra's Memory";528,467;3131;0,1;0,37;0,08;"M|2|V"
2707;"Vulture's Nest";481,93;3547;0,3;0,2;0,01;"M|0|V"
3044;"Wolf Orbital 82";691,654;2738;0,2;0,29;0,05;"M|6|V"
2119;"Raphael";318,112;3931;0,7;0,96;0,49;"K|7|V"
1891;"Norman's World";483,994;4782;NA;0,74;0,42;"K|1|V"
953;"Gienah";183,531;2491;0,4;0,17;0,07;"M|7|V"
891;"Foochow";131,957;2619;NA;0,13;0,04;"M|2|V"
3129;"Ålborg";744,608;3340;0,2;0,6;0,04;"M|2|V"
539;"Chillon";333,085;2883;0,2;0,33;0,06;"M|4|V"
3125;"Star Cluster 889";1728,166;4538;0,5;0,85;0,32;"K|2|V"
2092;"Quemoy";157,885;3779;0,8;0,9;0,21;"K|5|V"
1775;"Murmansk";389,875;NA;0,8;1,03;1,33;"G|3|V"
1571;"Malaga";577,046;5479;1;0,97;0,85;"G|5|V"
1722;"Mishkadrill";517,048;2428;0,4;0,35;0,01;"M|1|V"
2417;"Storfors";371,449;2923;0,1;0,31;0,04;"M|0|V"
660;"Dansur";323,89;3845;0,6;0,79;0,12;"K|7|V"
1389;"Köln";215,022;2572;0,4;0,66;NA;"M|4|V"
2283;"Sertar";428,098;2700;0,1;0,68;0,07;"M|3|V"
3054;"Joradian Cluster";1872,535;2560;0,4;0,18;0,03;"M|4|V"
1936;"Oli";203,745;2417;0,2;0,51;0,08;"M|1|V"
296;"Bellatrix";355,774;3151;0,1;0,45;0,03;"M|1|V"
2894;"Dante";462,311;2448;0,1;0,45;0,06;"M|8|V"
1804;"Necromo";214,715;2473;0,2;0,53;0,07;"M|5|V"
1335;"Kessel";84,732;2619;0,2;0,32;0,03;"M|3|V"
2475;"Tamarind";281,545;2672;0,3;0,59;0,04;"M|5|V"
878;"Fjernet";468,304;5214;1;1,07;1,4;"G|4|V"
147;"Antias";386,847;4350;0,5;0,9;0,57;"K|3|V"
1026;"Haappajarvi";277,073;2975;0,3;0,42;0,04;"M|3|V"
3037;"Transfer Station J239H2";635,105;2889;0,2;0,15;0,04;"M|5|V"
806;"Enif";517,167;2541;0,2;0,48;0,04;"M|8|V"
445;"Calloway";207,871;4762;0,6;0,76;0,21;"K|2|V"
1628;"Mattisskogen";366,096;2664;0,2;0,3;0,06;"M|3|V"
1523;"Lovinac";391,369;2938;0,4;0,49;0,08;"M|3|V"
2676;"Verlo";319,287;3868;0,6;0,74;0,1;"K|5|V"
1928;"Okains";361,02;2417;0,4;0,66;0,06;"M|5|V"
2796;"Yed Posterior";127,059;4229;0,7;0,76;0,29;"K|5|V"
1710;"Milvano";463,55;3782;0,5;0,88;0,36;"K|7|V"
2334;"Sigurd";490,833;2594;0,2;0,55;0,08;"M|3|V"
716;"Dì-fang";297,626;5413;1;1,14;0,97;"G|2|V"
1554;"Mackolla";647,016;2523;0,1;0,19;0,01;"M|3|V"
2798;"Yeguas";324,335;4882;0,6;0,83;0,13;"K|1|V"
399;"Brocchi's Cluster";419,509;2783;0,4;0,36;0,02;"M|5|V"
3007;"Tomalov";1025,026;3767;0,5;0,76;0,21;"K|7|V"
386;"Breed";199,413;2965;0,3;0,34;0,02;"M|2|V"
2742;"Weiz";305,921;3194;0,3;0,26;0,06;"M|2|V"
1006;"Grobin";119,956;3009;0,2;0,63;0,06;"M|4|V"
890;"Fomalhaut";21,609;3057;0,4;0,09;0,06;"M|3|V"
2041;"Plymouth";350,856;2542;0,3;0,57;0,01;"M|7|V"
1254;"Joan's Post";565,66;3089;0,4;0,25;0,07;"M|2|V"
2171;"Romita";434,714;4099;0,5;0,84;0,22;"K|3|V"
353;"Bobruisk";336,545;4011;0,5;0,72;0,43;"K|1|V"
1811;"New Aberdeen";268,591;2794;0,4;0,54;0,04;"M|2|V"
1739;"Mokpo";321,189;2688;0,2;0,49;0,04;"M|2|V"
1138;"Hortense";508,989;3875;0,7;0,75;0,34;"K|3|V"
1493;"Lindsay";406,414;2979;0,1;0,09;0,04;"M|2|V"
167;"Arcturus";191,109;3144;0,2;0,08;0,04;"M|2|V"
3136;"Hofn";810,982;2682;0,4;0,3;0,07;"M|3|V"
396;"Bristol";190,865;3876;0,5;0,85;0,28;"K|7|V"
2178;"Rosepine";584,626;3088;0,2;0,68;0,06;"M|4|V"
2797;"Yed Prior";138,676;4325;0,8;0,9;0,54;"K|2|V"
1644;"McKellan";236,923;4021;0,5;0,95;0,34;"K|3|V"
1396;"Kookens Pleasure Pit";383,267;2410;NA;0,54;0,08;"M|3|V"
1738;"Mokane";427,644;3075;0,3;0,1;0,03;"M|1|V"
3117;"Midden";658,395;2728;0,3;0,42;0,03;"M|1|V"
1416;"Kristiandsund";84,064;2512;0,2;0,42;0,02;"M|2|V"
2141;"Renown";400,062;3754;0,5;0,72;0,55;"K|3|V"
127;"Andalusia";406,284;2962;0,4;0,34;0,02;"M|5|V"
2363;"Smolnik";276,531;2698;0,3;0,15;0,06;"M|0|V"
114;"Amber Grove";453,643;3040;0,1;0,25;0,02;"M|3|V"
1443;"Laconis";421,364;3458;0,3;0,65;0,06;"M|1|V"
2245;"Sartu";453,73;NA;0,2;0,39;0,04;"M|2|V"
611;"Courchevel";357,664;2414;0,4;0,35;0,07;"M|3|V"
2626;"Umijiri";163,281;3260;0,2;0,38;0,01;"M|1|V"
1088;"Hellos Minor";259,14;3035;0,4;0,47;0,06;"M|2|V"
401;"Brockway";417,507;3443;0,1;0,21;0,08;"M|1|V"
2382;"Sparrevohn";391,961;2491;0,4;0,69;0,08;"M|8|V"
415;"Budingen";415,219;5305;1;1,06;0,83;"G|5|V"
2182;"Rowe";336,634;3187;NA;0,4;0,06;"M|3|V"
2441;"Susquehanna";423,748;2617;0,2;0,28;0,01;"M|3|V"
2472;"Tallin";292,651;NA;0,2;0,49;0,02;"M|3|V"
2345;"Sirdar";334,587;2406;NA;0,21;0,05;"M|8|V"
3025;"Kinbrace";950,161;4861;0,5;0,8;NA;"K|0|V"
3076;"Tizga";1045,431;2929;0,4;0,12;0,06;"M|4|V"
1383;"Kochab";92,541;2670;0,4;0,17;0,02;"M|5|V"
2920;"Rezak's Hole";538,627;2457;0,3;0,47;0,06;"M|1|V"
613;"Coventry";339,78;2611;0,4;0,64;0,03;"M|3|V"
1399;"Korvitz";351,167;4527;0,7;0,93;0,14;"K|3|V"
1756;"Morgan's Holdfast";699,702;NA;0,3;0,46;0,04;"M|1|V"
1699;"Midkiff";227,922;4819;0,8;0,94;0,59;"K|2|V"
2905;"Hellespont";563,994;2540;0,4;0,67;0,02;"M|5|V"
3058;"Refuel Base Gamma";1124,007;2619;0,4;0,54;0,08;"M|5|V"
236;"Badlands Cluster";550,426;3230;0,1;0,43;0,04;"M|1|V"
2594;"Tsinan";319,063;2436;0,1;0,08;0,03;"M|4|V"
1067;"Havdhem";260,796;3310;0,4;0,61;0,07;"M|2|V"
107;"Altoona";256,684;2773;0,2;0,23;0,02;"M|4|V"
606;"Corydon";220,061;2447;0,1;0,1;0,03;"M|2|V"
2536;"Thraxa";496,608;4333;0,6;0,95;0,4;"K|0|V"
2108;"Ragusa";217,821;2801;0,3;0,49;0,05;"M|3|V"
903;"Frondas";248,377;3032;NA;0,36;0,03;"M|1|V"
154;"Apinzel";462,096;2664;0,3;0,09;0,04;"M|7|V"
824;"Esteros";311,441;4806;0,6;0,95;0,4;"K|2|V"
2248;"Saumur";384,058;3850;0,8;0,73;0,08;"K|5|V"
1115;"Hiratsuka";361,977;3871;0,7;0,95;0,3;"K|5|V"
362;"Bone-Norman";463,592;2631;0,1;0,49;0,04;"M|7|V"
1400;"Kosciusko";316,105;2713;0,3;0,21;0,01;"M|2|V"
1373;"Klamriz";206,093;4116;0,6;0,86;0,48;"K|3|V"
1689;"Merton";411,152;2784;0,2;0,44;0,03;"M|2|V"
1802;"Nathan";83,274;5372;0,8;1,13;1,21;"G|2|V"
2153;"Ridderkerk";354,281;5634;1;1,1;1,27;"G|2|V"
1855;"New Troy";264,885;2424;0,3;0,19;0,02;"M|6|V"
324;"Biegga";426,852;5803;0,8;1,11;0,86;"G|2|V"
616;"Cranston";397,625;2908;0,4;0,52;0,03;"M|2|V"
17;"Achilles";139,519;2845;0,4;0,43;0,02;"M|5|V"
2429;"Suianheer";486,613;2928;0,1;0,53;0,05;"M|3|V"
2044;"Point Barrow";385,425;2558;0,4;0,12;0,05;"M|4|V"
2689;"Viluisk";557,1;4909;0,8;0,77;0,1;"K|0|V"
1347;"Kigamboni";322,903;3760;0,8;0,91;0,44;"K|4|V"
1645;"McKenna";147,988;2724;0,3;0,37;0,03;"M|5|V"
2414;"Stirling";460,492;3761;0,5;0,73;0,11;"K|3|V"
2987;"Danzig";1064,164;2746;0,4;0,47;0,03;"M|5|V"
1266;"Juazeiro";342,663;3507;NA;0,61;0,05;"M|1|V"
725;"Dnepropetrovsk";343,619;2407;0,3;0,6;0,04;"M|6|V"
1938;"Olindo";519,3;3200;0,4;0,23;0,03;"M|2|V"
633;"Cumberland";336,271;2800;0,1;0,08;0,08;"M|2|V"
1504;"Lockdale";40,357;3422;0,4;0,6;0,08;"M|0|V"
1078;"Hegel";271,031;4373;0,6;0,84;0,36;"K|3|V"
271;"Bastian";337,596;2423;0,4;0,15;0,07;"M|4|V"
325;"Biham";80,662;5353;0,9;1,13;1,3;"G|4|V"
498;"Cayuga";585,275;5348;1;1,11;0,81;"G|2|V"
644;"Czarvowo";323,377;5751;1;1,1;0,78;"G|2|V"
242;"Baliggora";610,608;2698;0,3;0,35;0,06;"M|3|V"
1744;"Monistrol";201,714;3409;0,1;0,32;0,03;"M|2|V"
1309;"Kaus Borealis";97,04;4142;0,8;0,9;0,12;"K|2|V"
336;"Bjornlunda";174,059;2457;0,1;0,41;0,08;"M|2|V"
1730;"Mizar";58,318;3738;0,7;0,83;0,51;"K|6|V"
3099;"Helvetia";994,56;4455;0,6;0,76;0,33;"K|2|V"
421;"Butler";395,927;2534;0,4;0,51;0,01;"M|7|V"
50;"Al Jubaylah";336,451;2404;0,1;0,31;0,04;"M|8|V"
2900;"Farstar";606,022;2734;0,3;0,66;0,05;"M|2|V"
3045;"Argondale";1104,532;3351;0,3;0,27;0,03;"M|1|V"
2251;"Savinsville";383,41;2803;0,4;0,28;0,02;"M|6|V"
1890;"Norfolk";285,633;3297;0,1;0,11;0,04;"M|2|V"
3061;"Star Cluster 814";1117,108;2417;0,3;0,11;0,05;"M|1|V"
2304;"Sheridan";187,744;NA;0,5;0,79;0,26;"K|2|V"
1423;"Kupang";563,943;2805;NA;0,57;0,04;"M|0|V"
3092;"Star Cluster Briceno 1";1430,335;3732;0,5;0,71;0,15;"K|2|V"
142;"Annapolis";210,25;2773;NA;0,4;0,07;"M|4|V"
1201;"Inman";556,066;3235;0,2;0,36;0,03;"M|0|V"
1810;"Nestor";172,538;3884;0,8;0,85;0,18;"K|2|V"
2241;"Sarkel";132,944;3027;0,2;0,26;0,05;"M|4|V"
1931;"Olafsvik";297,219;2795;0,4;0,26;0,04;"M|2|V"
2901;"Ferris";509,384;2604;0,4;0,12;0,06;"M|7|V"
2782;"Wynn's Roost";667,613;4369;0,8;0,78;0,26;"K|1|V"
2422;"Streator";265,155;3143;0,4;0,68;0,06;"M|3|V"
2166;"Rockwellawan";487,954;2929;0,3;0,26;0,06;"M|5|V"
1467;"Laurent";306,122;4649;0,7;0,75;0,37;"K|3|V"
1132;"Hongqiao";325,184;5446;1;1,14;0,77;"G|4|V"
3133;"Franmalin";629,866;4111;0,7;0,82;0,35;"K|0|V"
1843;"New Port Royal";691,486;2563;0,2;0,21;0,02;"M|3|V"
2741;"Weitinger";365,975;4557;0,7;0,73;0,21;"K|2|V"
2612;"Ubangi";563,399;2843;0,3;0,48;0,01;"M|4|V"
1304;"Katla";346,193;2483;0,1;0,1;0,02;"M|4|V"
1976;"Pandora";249,55;3292;0,4;0,4;NA;"M|0|V"
411;"Bryceland";418,23;3153;0,2;0,27;0,08;"M|3|V"
911;"Futuna";283,493;NA;0,3;0,62;0,02;"M|3|V"
1706;"Millungera";291,661;5559;0,9;1,07;1,33;"G|2|V"
1107;"Hibuarius";412,56;2409;0,3;0,4;0,07;"M|3|V"
1239;"Jászberény";177,276;2500;0,3;0,3;0,06;"M|8|V"
1369;"Kittery";238,547;2815;0,3;0,25;0,03;"M|4|V"
637;"Cussar";185,663;2500;0,3;0,68;0,08;"M|5|V"
1518;"Lorkdal";543,522;3514;0,1;0,66;NA;"M|0|V"
63;"Alekseyevka";443,369;2479;0,4;0,48;0,06;"M|5|V"
2015;"Perrot";271,523;3114;0,2;0,55;0,05;"M|1|V"
2172;"Romulus";389,876;3357;NA;0,1;0,07;"M|2|V"
1474;"Leh";579,939;3163;0,4;0,52;0,07;"M|1|V"
1398;"Korramabad";521,303;5578;1;1,01;1,44;"G|4|V"
1334;"Kesai";384,95;2739;0,4;0,57;0,03;"M|5|V"
2951;"Londerholm";1873,158;5375;0,9;1,04;1,07;"G|2|V"
2546;"Timbiqui";338,95;3345;0,2;0,16;0,08;"M|2|V"
1448;"Lamu";239,315;2462;0,3;0,09;0,02;"M|7|V"
302;"Benjamin";182,944;3934;0,7;0,78;0,41;"K|6|V"
1314;"Kazanka";500,459;4220;0,7;0,72;0,55;"K|5|V"
1340;"Khartoum";427,96;3810;0,6;0,85;0,14;"K|6|V"
2647;"Valentina";422,267;3778;0,6;0,86;0,47;"K|2|V"
1313;"Kawich";61,332;2477;0,1;0,12;0,01;"M|5|V"
1967;"Ozawa";84,824;3247;0,1;0,65;0,03;"M|3|V"
720;"Diosd";230,539;5437;0,8;1,02;0,62;"G|2|V"
1962;"Outpost";426,738;NA;0,7;0,76;0,1;"K|0|V"
383;"Brasha";478,082;2684;0,2;0,1;0,06;"M|5|V"
1582;"Mandaoaaru";433,144;5711;0,9;0,97;1,23;"G|2|V"
3016;"Joppa";438,63;2941;0,2;0,43;0,04;"M|1|V"
1662;"Meinhof";245,699;5474;0,9;1,09;0,78;"G|2|V"
64;"Alexandria";372,951;2890;0,3;0,19;0,03;"M|5|V"
591;"Cooperland";626,985;3371;0,3;0,57;0,05;"M|2|V"
2392;"St. John";401,099;3792;0,7;0,92;0,08;"K|6|V"
497;"Cavanaugh";311,59;4060;0,7;0,74;0,21;"K|3|V"
1992;"Pasemah";544,038;5549;0,8;1,06;1,31;"G|2|V"
1693;"Mezzana";367,429;2428;0,2;0,68;0,05;"M|7|V"
2922;"Siendou";313,183;5382;0,8;0,97;1,36;"G|4|V"
1867;"Nichol's Rest";274,835;3986;0,5;0,77;0,47;"K|7|V"
2824;"Zawiercie";314,411;4302;0,7;0,74;0,15;"K|2|V"
2056;"Potwin";308,246;4201;0,6;0,77;0,11;"K|2|V"
1315;"Kaznejoy";355,14;5691;0,9;1,14;1,12;"G|2|V"
53;"Albalii";105,922;3448;0,2;0,44;0,04;"M|0|V"
1604;"Marcus";60,959;2961;0,4;0,42;0,08;"M|2|V"
560;"Ciotat";171,593;2636;0,3;0,29;0,01;"M|5|V"
525;"Chateau";402,634;2690;0,2;0,22;0,05;"M|5|V"
3173;"Winston";1317,673;2425;0,3;0,46;0,02;"M|5|V"
333;"Bithinia";179,451;5380;0,9;0,97;1,43;"G|2|V"
206;"Atzenbrugg";416,882;2469;0,4;0,59;0,05;"M|8|V"
936;"Ganshoren";164,004;4157;0,7;0,78;0,36;"K|2|V"
2924;"Spitz";482,731;2443;0,4;0,45;0,06;"M|4|V"
74;"Alkaid";105,182;5522;0,9;1,09;1,13;"G|5|V"
2933;"Eden";1619,256;3389;0,3;0,2;0,02;"M|1|V"
2677;"Vermezzo";396,42;3337;0,2;0,31;0,04;"M|2|V"
927;"Galuzzo";251,434;4519;0,7;0,78;0,3;"K|0|V"
2640;"Vaajakoski";197,836;4161;0,8;0,96;0,24;"K|5|V"
980;"Gorfynt";541,875;3993;0,6;0,8;0,16;"K|0|V"
2198;"Sabanillas";468,222;4501;0,5;0,71;0,4;"K|1|V"
686;"Demeter";114,954;2838;0,1;0,12;0,04;"M|5|V"
1637;"Maynard";304,505;3143;0,2;0,07;0,04;"M|2|V"
2992;"Gateway";965,99;NA;0,8;0,98;1,05;"G|4|V"
1830;"New Ganymede";425,894;2532;0,1;0,63;0,02;"M|4|V"
1817;"New Bergen";403,412;3149;0,1;0,29;0,07;"M|2|V"
223;"Awano";187,392;2950;0,2;0,68;0,08;"M|4|V"
2471;"Tallassee";146,829;3882;0,7;0,95;0,28;"K|0|V"
556;"Chupadero";442,645;3289;0,2;0,14;0,07;"M|2|V"
625;"Crofton";528,715;2978;0,3;0,27;0,01;"M|2|V"
449;"Camadeierre";456,738;2469;0,2;0,28;0,07;"M|4|V"
1558;"Maderas";365,382;2581;0,2;0,5;0,03;"M|2|V"
1103;"Hè-shì";359,722;2845;0,1;0,38;0,05;"M|3|V"
2967;"Tranquil";1762,306;3168;0,1;0,25;0,01;"M|1|V"
2430;"Suk";257,777;2788;0,3;0,65;0,03;"M|4|V"
1975;"Palos";134,632;4124;0,6;0,72;0,35;"K|0|V"
2025;"Pierce";462,658;2513;0,4;0,6;0,08;"M|2|V"
1431;"Kwangchowwang";418,747;2519;0,2;0,29;0,05;"M|8|V"
429;"Caerlaverock";490,109;2940;0,3;0,09;0,05;"M|1|V"
3023;"Gwithian";830,561;3370;0,4;0,46;0,07;"M|2|V"
1438;"Labouchere";264,076;2580;0,2;0,63;0,06;"M|3|V"
677;"Deia";351,022;3275;0,3;0,68;0,02;"M|2|V"
2014;"Pernik";346,195;5472;0,9;1,01;0,79;"G|5|V"
2688;"Villanueva";359,382;2543;0,2;0,62;0,05;"M|3|V"
433;"Cajamarca";292,741;2886;0,2;0,58;0,04;"M|5|V"
2101;"Quittacas";270,647;2602;0,1;0,1;0,05;"M|1|V"
1814;"New Aragon";112,307;2415;0,4;0,31;0,06;"M|5|V"
186;"As Samik";450,026;4751;0,5;0,86;0,52;"K|2|V"
1770;"Mumbai";250,209;2609;0,2;0,51;0,05;"M|2|V"
1261;"Jorvikland";372,77;4335;0,6;0,83;0,58;"K|5|V"
70;"Algorab";115,66;4830;0,7;0,73;0,32;"K|2|V"
388;"Bremond";392,65;2757;0,4;0,69;0,07;"M|5|V"
2039;"Pleione";94,829;2544;0,2;0,15;0,05;"M|8|V"
439;"Caledea";356,012;3008;0,1;0,39;0,06;"M|3|V"
2379;"Sorunda";139,055;2469;0,2;0,15;0,08;"M|4|V"
1773;"Murchison";77,291;2625;NA;0,48;0,04;"M|2|V"
2468;"Talisker";133,4;3004;0,2;0,62;0,05;"M|2|V"
947;"Ghaziabad";388,746;2667;0,2;0,39;0,02;"M|2|V"
1764;"Morven";563,9;2422;0,2;0,16;0,02;"M|6|V"
172;"Ariel";152,024;5398;0,9;0,99;0,91;"G|2|V"
3047;"Caesar's Crown";665,716;NA;0,2;0,45;0,01;"M|5|V"
1858;"New Vandenburg";434,541;4121;0,7;0,71;0,16;"K|2|V"
3048;"Doggerbank";1033,575;3004;0,1;0,66;0,07;"M|3|V"
2494;"Tarol";460,587;3951;0,5;0,85;0,27;"K|4|V"
713;"Diefenbaker";394,875;4318;0,6;0,86;0,3;"K|2|V"
2127;"Redondo";502,369;3795;0,5;0,9;0,42;"K|7|V"
1862;"Newton";318,878;4059;0,5;0,79;0,14;"K|6|V"
1941;"Omagh";260,814;3371;0,4;0,32;0,02;"M|2|V"
1926;"Ogilvie";303,593;3272;0,3;0,41;0,04;"M|2|V"
1970;"Pajarito";485,93;2433;0,3;0,53;0,05;"M|3|V"
2326;"Sialkot";542,589;2441;0,1;0,53;0,05;"M|4|V"
1835;"New Hope";117,871;2817;0,2;0,57;0,05;"M|6|V"
1760;"Morningside";171,72;2468;0,4;0,56;0,06;"M|5|V"
1852;"New Stevens";23,155;2426;0,3;0,53;0,04;"M|3|V"
2517;"Terra Firma";40,454;2886;0,1;0,21;NA;"M|2|V"
1326;"Kenilworth";584,375;2550;0,3;0,32;0,06;"M|7|V"
2090;"Quatre Belle";506,144;4556;0,7;0,93;0,23;"K|2|V"
486;"Cartago";140,202;3881;0,7;0,73;0,25;"K|5|V"
2832;"Zelski";536,198;4471;0,6;0,89;0,39;"K|1|V"
1615;"Marlette";160,857;3730;0,6;0,87;0,15;"K|3|V"
2413;"Stewart";130,008;3962;0,6;0,96;0,08;"K|7|V"
1549;"Ma'anshan";475,076;NA;0,1;0,22;0,07;"M|1|V"
763;"Eaglesham";138,701;2628;0,3;0,6;0,04;"M|2|V"
1934;"Old Kentucky";141,7;3023;0,4;0,68;0,02;"M|3|V"
338;"Blackjack";396,772;3895;0,6;0,8;0,14;"K|2|V"
1871;"Niles";416,228;3713;0,5;0,95;0,45;"K|2|V"
3084;"Richmond's World";896,575;5338;0,9;1,07;1,35;"G|4|V"
3087;"Rover";849,002;3904;0,6;0,72;0,43;"K|5|V"
3128;"Albaracht";672,787;2566;NA;0,53;0,04;"M|5|V"
3095;"Anglia";1015,357;2622;0,3;0,37;0,02;"M|5|V"
522;"Chara";29,91;2587;0,4;0,53;0,03;"M|3|V"
3104;"Thasos";970,102;3027;0,2;0,33;0,02;"M|4|V"
2448;"Sverdlovsk";387,78;3792;NA;0,94;0,44;"K|6|V"
2731;"Wazan";140,817;4164;0,8;0,9;0,42;"K|5|V"
2684;"Victoria";360,161;3070;0,2;0,22;0,02;"M|2|V"
3055;"Kazlam";1632,489;5327;0,9;0,98;1,01;"G|2|V"
1302;"Kathil";226,802;4307;0,8;0,78;0,49;"K|5|V"
2871;"Marius's Tears";589,468;2427;0,4;0,4;0,03;"M|1|V"
4;"Abagnar";493,649;5345;0,9;0,97;0,96;"G|4|V"
2713;"Waldheim";369,385;5388;0,9;0,99;0,87;"G|5|V"
1552;"Macintosh";445,81;2528;0,1;0,21;0,03;"M|8|V"
2778;"Wright";292,038;4075;0,6;0,74;0,15;"K|1|V"
2290;"Shalaine";544,863;NA;0,3;0,28;0,03;"M|4|V"
1084;"Heliat";501,374;5431;NA;1;1,47;"G|5|V"
2598;"Tuamotu";299,675;3062;0,2;0,13;0,03;"M|2|V"
1489;"Lihue";468,347;2453;0,4;0,25;0,04;"M|5|V"
2476;"Tamsalu";234,775;2692;0,1;0,52;0,05;"M|1|V"
1134;"Hoonaar";531,413;2439;0,2;0,7;0,04;"M|5|V"
2943;"Glory";1838,239;2443;0,4;0,23;NA;"M|8|V"
949;"Giausar";209,521;4159;0,5;0,89;0,28;"K|5|V"
78;"All Dawn";484,442;2886;0,4;0,38;0,08;"M|3|V"
2934;"Radulov";1604,186;2562;0,4;0,45;0,06;"M|5|V"
1937;"Oligar";285,327;2679;0,1;0,57;0,06;"M|3|V"
13;"Abushiri";422,123;2724;0,4;0,25;0,07;"M|1|V"
2939;"Colleen";1843,651;3753;0,8;0,88;0,58;"K|5|V"
1044;"Halstead Station";89,332;2521;0,1;0,22;0,02;"M|8|V"
2792;"Yanchep";316,753;2932;0,2;0,6;0,01;"M|3|V"
676;"Dehgolan";199,071;3101;0,2;0,37;0,04;"M|4|V"
2692;"Vintru";197,41;2585;0,4;0,49;0,07;"M|5|V"
3149;"Alloway";448,698;2590;0,1;0,46;0,07;"M|1|V"
3115;"Leviathans Rest";1926,368;2555;0,1;0,5;0,02;"M|3|V"
1179;"Ilion";286,752;2636;0,4;0,32;0,03;"M|3|V"
2366;"Snowdon";587,903;5241;1;0,97;0,67;"G|4|V"
860;"Ferihegy";422,235;5402;0,9;1;0,65;"G|5|V"
1995;"Pattison";590,181;NA;0,3;0,17;0,04;"M|2|V"
2690;"Vindemiatrix";103,82;2615;0,3;0,63;0,05;"M|2|V"
2474;"Tamar";315,239;3346;0,4;0,59;0,08;"M|0|V"
915;"Gaeri";701,31;4640;0,7;0,76;0,26;"K|1|V"
414;"Buckminster";155,649;2968;0,2;0,6;0,05;"M|3|V"
706;"Diass";308,861;5269;0,9;1;1,19;"G|4|V"
2718;"Wapakoneta";248,167;2996;0,4;0,21;0,08;"M|4|V"
100;"Altenmarkt";224,223;NA;0,5;0,9;0,21;"K|2|V"
1364;"Kirkvåg";323,62;5322;0,9;1,05;1,3;"G|2|V"
1064;"Hassad";163,391;3097;0,4;0,39;0,05;"M|3|V"
191;"Ashburton";298,293;2514;0,4;0,35;0,07;"M|6|V"
136;"Angol";96,073;4782;0,6;0,77;0,42;"K|2|V"
2135;"Remagen";316,94;3356;0,3;0,61;0,01;"M|2|V"
81;"Alma Alta";261,38;2595;0,4;0,62;0,02;"M|2|V"
3065;"Illizi";1037,204;3148;0,3;0,46;NA;"M|2|V"
1527;"Luanda";522,453;3105;0,3;0,21;0,04;"M|2|V"
2747;"Westerhand";276,138;5589;1;1,12;1,24;"G|3|V"
1842;"New Oslo";386,446;3829;0,5;0,7;0,33;"K|7|V"
3111;"Frobisher";598,709;3613;0,4;0,19;0,02;"M|0|V"
2313;"Shinonoi";96,401;5764;0,9;0,97;0,97;"G|2|V"
1853;"New Sumatra";153,524;4370;0,6;0,92;0,26;"K|0|V"
2803;"York";302,048;3083;0,3;0,53;0,03;"M|3|V"
2596;"Tsitsang";120,366;2918;0,3;0,26;0,02;"M|4|V"
2021;"Phecda";74,468;2660;0,3;0,28;0,01;"M|0|V"
501;"Ceiba";767,962;2455;0,2;0,38;0,05;"M|3|V"
48;"Al Hillah";180,502;2680;0,1;0,26;0,04;"M|1|V"
2229;"Santana";326,08;4876;0,5;0,74;0,45;"K|1|V"
2452;"Sweet Water";487,386;2422;0,2;0,51;0,02;"M|4|V"
2608;"Twycross";380,978;2529;0,4;0,35;0,01;"M|8|V"
855;"Fatima";178,492;2961;0,4;0,62;0,02;"M|5|V"
1418;"Kublenz";506,609;2447;0,1;0,21;0,08;"M|2|V"
2931;"Circe";1619,476;4166;0,5;0,9;0,19;"K|2|V"
1234;"Jápminboddu";555,547;4616;0,5;0,76;0,33;"K|2|V"
3167;"Fell Wind";1301,092;2504;0,2;0,21;0,07;"M|2|V"
2118;"Randar";186,316;2673;0,2;0,32;0,06;"M|3|V"
962;"Glabach";456,417;3800;0,6;0,76;0,34;"K|6|V"
452;"Cameron";240,573;3739;0,7;0,85;0,5;"K|7|V"
2063;"Pressby";215,809;3177;0,2;0,11;0,05;"M|2|V"
2735;"Weekapaug";249,877;3926;0,6;0,73;0,32;"K|7|V"
2254;"Sax";374,603;NA;0,8;0,76;0,28;"K|5|V"
2315;"Shipka";136,617;3307;0,2;0,48;0,07;"M|1|V"
1097;"Hergazil";659,552;2485;0,3;0,68;0,08;"M|8|V"
3165;"Tiburon";511,602;3863;0,6;0,72;0,4;"K|7|V"
1497;"Linqing";461,654;2621;0,2;0,54;0,03;"M|6|V"
2355;"Skvorec";345,985;2489;0,2;0,53;0,02;"M|6|V"
2757;"Willowick";336,63;4330;0,8;0,87;0,4;"K|2|V"
2779;"Wrociaw";320,163;3231;0,3;0,48;0,06;"M|2|V"
1053;"Harbin";223,956;3808;0,7;0,81;0,24;"K|3|V"
1256;"Johnson";588,568;3350;0,3;0,67;0,04;"M|1|V"
2637;"Urjala";423,517;2414;0,1;0,28;0,03;"M|2|V"
387;"Bremen";580,875;3142;0,4;0,32;0,03;"M|2|V"
2817;"Zaniah";102,889;2733;0,2;0,55;0,08;"M|3|V"
876;"Firgrove";389,622;3036;0,3;0,08;NA;"M|4|V"
1815;"New Athens";143,019;2676;0,2;0,56;0,08;"M|2|V"
2;"Aalzorg";637,911;2659;0,2;0,28;0,06;"M|7|V"
1425;"Kurragin";203,261;2753;0,3;0,52;0,08;"M|3|V"
2361;"Smithon";450,783;2421;0,3;0,08;0,03;"M|8|V"
622;"Crestoblus";463,634;4111;0,5;0,76;0,38;"K|6|V"
1223;"Izar";114,389;3555;0,3;0,65;0,06;"M|1|V"
841;"Fairfield";292,551;2777;0,2;0,61;0,02;"M|2|V"
2184;"Royal Foxx";441,428;2922;0,1;0,4;0,07;"M|3|V"
2756;"Wilkes";346,179;2698;0,1;0,59;0,04;"M|3|V"
490;"Casere";352,437;2900;0,3;0,23;0,04;"M|4|V"
2485;"Tantallon";488,941;3076;0,3;0,59;0,03;"M|1|V"
1584;"Mandate";154,096;3803;0,6;0,82;0,32;"K|3|V"
773;"Egress";376,425;4503;0,8;0,8;NA;"K|2|V"
3169;"Graystone";1255,592;3095;0,2;0,27;0,07;"M|3|V"
1634;"Maxwell";393,956;5574;0,9;0,99;0,65;"G|3|V"
96;"Alta Vista";506,799;5488;NA;1,12;0,94;"G|4|V"
2667;"Vega";106,677;5518;0,9;0,97;NA;"G|5|V"
924;"Gallis";418,188;3836;0,7;0,79;0,49;"K|7|V"
2876;"Pompey";536,788;2668;0,2;0,11;0,02;"M|5|V"
231;"Babaeski";337,166;4949;0,6;0,74;0,56;"K|1|V"
2529;"Thermopolis";223,109;3189;0,3;0,65;0,04;"M|3|V"
2358;"Slewis";522,372;2654;0,4;0,21;0,02;"M|4|V"
3071;"Nyamlell";1011,133;3255;0,1;0,27;0,04;"M|0|V"
734;"Dothan";454,035;4750;0,6;0,93;0,47;"K|2|V"
1035;"Hakkaido";351,968;3736;0,6;0,9;0,59;"K|5|V"
418;"Burnt Rock";380,265;2404;0,1;0,3;0,07;"M|2|V"
3070;"Mostaganem";1001,515;2780;0,4;0,28;0,06;"M|6|V"
546;"Chita";568,687;3202;0,2;0,66;0,01;"M|2|V"
2763;"Wing";76,01;3782;0,5;0,73;0,55;"K|3|V"
533;"Cheriton";409,696;4137;0,5;0,76;0,1;"K|4|V"
2685;"Victralla";442,245;2429;0,2;0,53;0,05;"M|7|V"
41;"Agliana";485,586;2658;0,2;0,6;0,05;"M|7|V"
899;"Frazer";357,633;2478;0,1;0,13;0,07;"M|5|V"
15;"Acamar";55,235;2491;0,3;0,31;0,01;"M|2|V"
262;"Barstow";175,434;5031;0,5;0,83;0,52;"K|1|V"
2462;"Tabayama";469,509;5257;0,8;1,15;1,4;"G|2|V"
1822;"New Ceylon";458,232;2606;0,1;0,68;0,04;"M|7|V"
2752;"Wetumpka";552,376;2838;0,3;0,31;0,04;"M|5|V"
3072;"Saidia";1015,779;5564;0,8;1,01;1,23;"G|4|V"
1350;"Kilbourne";573,439;5333;0,9;1,09;0,68;"G|3|V"
2087;"Qualip";202,732;3201;0,1;0,36;0,08;"M|1|V"
700;"Devil's Rock";39,295;4497;0,6;0,93;0,17;"K|2|V"
1620;"Mas";482,429;3969;NA;0,7;0,55;"K|2|V"
3020;"Ctesiphon";1093,331;5278;0,9;1,01;0,69;"G|5|V"
910;"Furud";285,24;2769;0,2;0,62;0,03;"M|3|V"
2324;"Shuen Wan";222,43;3713;0,5;0,82;0,6;"K|7|V"
2609;"Tybalt";92,25;3913;0,6;0,95;0,16;"K|2|V"
352;"Boardwalk";198,058;2519;0,1;0,48;0,02;"M|1|V"
1295;"Karakiraz";364,621;5250;0,9;1,09;1,23;"G|4|V"
2539;"Thun";260,345;5711;0,9;1,06;1,41;"G|2|V"
1010;"Grosvenor";363,576;3075;0,2;0,22;0,07;"M|4|V"
2673;"Verdigreis";498,288;2665;0,2;0,61;0,02;"M|7|V"
2726;"Watermael";356,312;3178;0,3;0,59;0,04;"M|3|V"
3171;"Holdout";1279,745;2695;0,4;0,58;0,05;"M|0|V"
2268;"Sebha";590,961;2608;0,2;0,6;0,08;"M|5|V"
1836;"New India";460,77;2933;0,3;0,59;0,05;"M|2|V"
273;"Batajnica";388,383;2797;NA;0,55;0,03;"M|3|V"
3108;"Death's Gaze Cluster";1777,081;3059;0,4;0,24;0,04;"M|3|V"
2395;"Staffin";207,096;2559;0,4;0,13;0,05;"M|5|V"
1526;"Loysville";433,08;2940;0,2;0,22;0,07;"M|3|V"
1605;"Marduk";216,782;3133;0,4;0,09;0,06;"M|3|V"
2467;"Talcott";235,078;2903;0,3;0,07;0,01;"M|3|V"
2047;"Polcenigo";390,346;5366;1;1,04;1,1;"G|5|V"
2584;"Trimaldix";586,71;3015;0,2;0,47;0,06;"M|0|V"
2466;"Takata";474,361;5225;0,9;1,05;1,38;"G|2|V"
3114;"Knechee";1888,354;3949;0,8;0,73;0,5;"K|2|V"
571;"Cohay";610,144;2451;0,4;0,25;0,02;"M|7|V"
1370;"Kitzingen";228,012;2450;0,3;0,28;0,03;"M|4|V"
343;"Blida";293,304;2976;0,3;0,38;0,08;"M|3|V"
658;"Daniels";232,667;4504;0,5;0,75;0,3;"K|2|V"
1116;"Hirtshals";605,101;5341;1;0,97;1,07;"G|2|V"
2971;"Project Sagitarius Umbrella";640,735;2807;0,4;0,18;0,08;"M|3|V"
3113;"Interstellar Expeditions Base #22";1900,682;2489;0,2;0,23;0,08;"M|2|V"
1562;"Maharet";277,245;4078;0,5;0,71;0,58;"K|2|V"
2533;"Thimphu";449,619;4184;0,5;0,72;0,36;"K|6|V"
1839;"New Macao";144,856;3259;0,3;0,26;0,08;"M|3|V"
2459;"Syrstart";605,417;3024;0,4;0,12;0,07;"M|2|V"
837;"Exeter";188,604;5574;0,9;1,01;1,45;"G|4|V"
1908;"Nullarbor";296,271;NA;0,3;0,37;0,06;"M|0|V"
499;"Ceará";391,473;2427;0,4;0,22;0,03;"M|5|V"
2875;"Paulinus";544,507;4743;0,6;0,77;0,35;"K|2|V"
1264;"Jouques";238,909;3335;0,1;0,38;0,05;"M|1|V"
1440;"Lacadon";190,406;2808;0,4;0,56;0,01;"M|2|V"
2049;"Pomme De Terre";367,223;2635;0,1;0,25;0,02;"M|3|V"
1501;"Ljugarn";231,734;3918;0,6;0,87;0,22;"K|7|V"
646;"Dagda";247,737;3123;0,1;0,19;0,03;"M|1|V"
1243;"Jeanette";429,198;2492;0,1;0,6;0,04;"M|8|V"
1716;"Minowa";241,777;4101;0,7;0,75;0,08;"K|6|V"
750;"Dumaring";237,057;3166;0,1;0,53;0,06;"M|3|V"
840;"Fairfax";354,712;3343;NA;0,12;0,01;"M|1|V"
843;"Fallen Stars";480,703;4115;0,6;0,83;0,46;"K|5|V"
342;"Blandou";305,857;4046;0,7;0,73;0,25;"K|6|V"
344;"Blommestein";758,27;2706;0,3;0,2;0,04;"M|4|V"
2927;"Úr Cruinne";472,184;3256;0,4;0,27;0,07;"M|3|V"
1394;"Konopiste";288,934;2536;0,4;0,4;0,03;"M|5|V"
291;"Belamor";300,235;3211;0,3;0,62;0,02;"M|2|V"
738;"Dralkig";528,922;4566;0,5;0,81;0,19;"K|2|V"
1783;"Mytilene";203,092;2975;0,1;0,15;0,04;"M|5|V"
1473;"Leganes";178,124;5491;0,9;1,13;1,44;"G|4|V"
1381;"Ko";47,487;2410;0,4;0,52;0,07;"M|3|V"
2176;"Roscoff";548,507;4299;0,7;0,88;0,27;"K|2|V"
963;"Gladius";119,815;4540;0,7;0,7;0,54;"K|3|V"
555;"Chukchi";202,057;2541;0,1;0,34;0,06;"M|8|V"
1506;"Loeches";214,489;3113;NA;0,53;0,04;"M|3|V"
3118;"Mizdargh";1397,117;2667;0,3;0,35;0,02;"M|3|V"
432;"Caillinius";556,052;4004;0,7;0,87;0,33;"K|6|V"
246;"Ballynure";259,651;2445;0,3;0,41;0,01;"M|1|V"
1278;"Kaitangata";363,184;2871;0,4;0,67;0,05;"M|5|V"
2493;"Tarnby";505,243;2616;0,4;0,11;0,02;"M|6|V"
2614;"Ueda";208,408;3987;0,6;0,7;0,16;"K|6|V"
2932;"Dagda";1609,301;2546;0,1;0,69;0,02;"M|4|V"
256;"Barahona";741,247;4095;0,6;0,85;NA;"K|6|V"
1847;"New Sagan";194,789;5421;0,8;0,96;0,75;"G|5|V"
71;"Algot";119,228;3153;0,2;0,32;0,03;"M|3|V"
529;"Chebanse";247,557;4700;NA;0,94;0,56;"K|0|V"
3143;"Polybius";465,266;5281;0,9;1,12;1,38;"G|2|V"
3033;"Star Cluster P24";1572,035;3868;0,6;0,89;0,51;"K|0|V"
3161;"Gaucin";523,184;3005;0,3;0,14;0,07;"M|2|V"
1319;"Keid";10,59;5305;0,8;1,14;1,31;"G|4|V"
2274;"Sekulmun";305,878;2655;0,2;0,07;0,04;"M|3|V"
2183;"Royal";226,948;2736;0,3;0,51;NA;"M|3|V"
887;"Flushing";205,833;2486;0,2;0,21;0,06;"M|1|V"
732;"Donenac";219,159;2703;0,1;0,46;0,06;"M|2|V"
3027;"Ramsey";1102,144;5349;0,9;1,07;NA;"G|2|V"
1419;"Kufstein";341,607;4435;0,5;0,89;0,38;"K|2|V"
3051;"Gurgaldar";1413,278;4681;0,7;0,75;0,6;"K|2|V"
140;"Ankaa";75,281;4176;0,8;0,85;0,21;"K|3|V"
440;"Caledonia";126,607;4508;0,7;0,8;0,33;"K|2|V"
474;"Caria";201,292;2694;0,2;0,28;0,05;"M|3|V"
2715;"Wallacia";270,573;NA;0,5;0,78;0,17;"K|2|V"
1331;"Kerman";507,612;2989;0,2;0,35;0,03;"M|2|V"
2838;"Ziliang";272,922;2579;0,1;0,49;0,08;"M|1|V"
639;"Custozza";650,251;2637;0,2;0,39;0,05;"M|5|V"
3106;"Beehive Cluster";816,864;3722;0,5;0,73;0,39;"K|5|V"
2009;"Pentvar";328,657;2832;0,3;0,35;0,03;"M|3|V"
714;"Dieron";19,265;3561;0,4;0,54;0,03;"M|0|V"
1640;"McAlister";411,138;2953;0,4;0,1;0,03;"M|4|V"
175;"Arlanda";484,991;3409;0,2;0,5;0,08;"M|2|V"
201;"Atocongo";298,92;2652;0,3;0,37;0,01;"M|2|V"
960;"Giverny";628,863;NA;0,3;0,53;0,06;"M|1|V"
2004;"Pec";273,978;3061;0,4;0,26;0,05;"M|3|V"
987;"Gouderak";373,44;5529;0,9;1,14;0,73;"G|5|V"
2169;"Rohinjan";358,106;2414;0,3;0,27;0,06;"M|1|V"
1047;"Hamilton";268,352;4025;0,6;0,87;0,44;"K|7|V"
2658;"Vannes";573,324;3782;0,7;0,79;0,17;"K|7|V"
2701;"Vonja";659,211;5407;0,9;0,98;1;"G|4|V"
1114;"Hindmarsh";334,723;5287;0,9;0,98;1,37;"G|5|V"
2259;"Scheuerheck";360,357;2446;0,1;0,6;NA;"M|8|V"
2655;"Vandalia";482,258;3064;0,3;0,51;0,06;"M|4|V"
2200;"Sabik";58,472;3138;0,4;0,44;0,06;"M|3|V"
2265;"Schwartz";461,704;3187;0,3;0,53;0,04;"M|1|V"
1031;"Haggard";480,751;4730;0,5;0,87;0,55;"K|2|V"
395;"Brisbane";427,829;2862;0,2;0,32;0,07;"M|1|V"
873;"Finse";557,055;2634;0,4;0,22;0,02;"M|5|V"
1656;"Meghy";541,865;3946;0,5;0,91;0,32;"K|6|V"
1157;"Hurik";403,869;2664;0,2;0,45;0,06;"M|7|V"
2869;"Lordinax";500,631;2776;0,4;0,28;0,08;"M|5|V"
1161;"Hyalite";444,651;2566;0,4;0,1;0,06;"M|5|V"
163;"Arboris";67,184;4253;0,6;0,9;0,6;"K|3|V"
2708;"Waddesdon";134,832;3420;0,2;0,69;0,06;"M|1|V"
2362;"Smolensk";220,579;2420;0,1;0,7;0,01;"M|7|V"
2264;"Schuyler";386,845;2646;0,3;0,36;0,06;"M|3|V"
51;"Al Na'ir";67,731;NA;0,1;0,33;0,06;"M|3|V"
2695;"Viribium";392,756;5214;0,9;1,03;1,27;"G|5|V"
1281;"Kakada";315,939;2666;0,1;0,33;0,06;"M|0|V"
509;"Cerulean";420,623;5236;0,9;1,11;1,2;"G|4|V"
1482;"Leskovik";345,221;4095;0,7;0,72;0,54;"K|3|V"
1311;"Kautokeino";394,552;4206;0,6;0,79;0,18;"K|5|V"
723;"Dixie";254,729;3319;0,1;0,25;0,05;"M|2|V"
1058;"Harmony";221,752;2981;0,2;0,23;0,02;"M|4|V"
2532;"Thibodaux";576,214;2501;0,1;0,67;0,07;"M|2|V"
649;"Dalcour";397,546;3941;0,8;0,81;0,17;"K|7|V"
667;"Davisville";482,089;3874;0,7;0,9;0,14;"K|6|V"
2289;"Shahr Kord";431,611;3018;0,1;0,19;0,03;"M|3|V"
1477;"Lengkong";352,498;2670;0,3;0,29;0,04;"M|2|V"
2593;"Tsarahavana";464,419;3753;0,7;0,79;0,58;"K|3|V"
77;"Alktral";766,482;2667;0,3;0,34;0,05;"M|5|V"
2621;"Ulsan";336,939;2570;0,4;0,33;0,01;"M|2|V"
2428;"Sudeten";303,777;4731;0,6;0,89;0,48;"K|2|V"
14;"Acala";182,916;3425;0,2;0,57;0,05;"M|1|V"
3100;"Hibernia";992,235;2704;0,3;0,47;0,05;"M|5|V"
2486;"Tantara";272,425;3162;0,2;0,29;0,02;"M|2|V"
166;"Arc-Royal";283,494;3276;0,2;0,26;0,06;"M|2|V"
775;"Eidsfoss";164,441;3078;0,3;0,25;0,01;"M|0|V"
2338;"Silver";363,561;3826;0,5;0,71;0,56;"K|6|V"
708;"Dicallus";506,271;3305;0,3;0,62;0,05;"M|1|V"
453;"Camlann";279,953;2618;0,1;0,55;0,03;"M|2|V"
2294;"Sharqah";366,158;2553;0,2;0,64;0,01;"M|4|V"
1658;"Meglan";286,714;4248;0,7;0,86;0,18;"K|3|V"
1168;"Ichlangis";413,894;2636;0,4;0,23;0,07;"M|0|V"
2292;"Shardayne";247,162;2479;0,4;0,25;0,06;"M|5|V"
2719;"Wappingers";290,103;2640;0,1;0,38;0,08;"M|4|V"
1909;"Numenor";303,528;NA;0,1;0,65;0,07;"M|1|V"
2364;"Smythe";293,964;2608;0,1;0,6;0,05;"M|4|V"
255;"Banori";509,596;3805;0,5;0,93;0,51;"K|5|V"
303;"Bensinger";462,834;4028;0,6;0,94;0,42;"K|7|V"
1476;"Leiston";292,421;4138;0,6;0,86;0,54;"K|3|V"
249;"Bamburgh";622,487;4860;0,6;0,71;0,15;"K|2|V"
1825;"New Damascus";343,162;3191;0,1;0,69;0,02;"M|2|V"
2374;"Son Hoa";422,626;2632;0,3;0,26;0,03;"M|3|V"
1040;"Hall";46,401;3724;NA;0,76;0,12;"K|5|V"
1455;"Langhorne";486,118;3044;0,2;0,55;0,03;"M|2|V"
2564;"Tongatapu";222,053;3389;0,2;0,24;NA;"M|1|V"
1269;"June";484,247;2991;0,1;0,25;0,05;"M|3|V"
2123;"Rasalhague";391,74;5527;0,9;1,04;0,67;"G|4|V"
1778;"Muscida";229,603;2857;0,3;0,5;0,05;"M|3|V"
375;"Bougie";549,755;3083;0,3;0,19;0,02;"M|2|V"
59;"Aldebaran";69,028;2828;0,4;0,45;0,02;"M|2|V"
784;"Elbar";126,91;NA;0,4;0,23;0,01;"M|1|V"
2887;"Carthage";505,07;3423;0,4;0,2;0,04;"M|1|V"
2450;"Swales";304,372;2951;0,2;0,11;0,08;"M|2|V"
684;"Delos";616,325;2523;0,3;0,57;NA;"M|4|V"
830;"Eustatius";499,237;4361;0,8;0,88;0,13;"K|5|V"
1301;"Kashilla";201,159;2777;NA;0,46;0,06;"M|2|V"
1851;"New Sarum";482,102;3315;0,1;0,3;0,05;"M|2|V"
2223;"Samantha";430,124;4743;0,6;0,8;0,09;"K|2|V"
2880;"Zorn's Keep";443,433;2739;0,3;0,22;0,07;"M|2|V"
471;"Carbonis";181,908;4070;0,5;0,91;0,52;"K|3|V"
2725;"Washburn";186,768;5784;0,8;0,99;1,09;"G|2|V"
1777;"Murris";382,905;3699;0,2;0,7;0,03;"M|0|V"
1238;"Jasmine";204,513;3743;0,5;0,77;0,4;"K|6|V"
2853;"Zwipadze";428,322;5553;0,9;0,96;NA;"G|5|V"
2768;"Wokha";770,124;4290;0,6;0,92;0,45;"K|5|V"
1287;"Kanata";322,531;NA;0,2;0,53;0,04;"M|4|V"
938;"Garrison";207,811;NA;0,2;0,46;0,08;"M|2|V"
792;"Ellengurg";394,796;2428;0,3;0,36;0,02;"M|3|V"
2487;"Tanz";690,763;3409;0,4;0,24;0,05;"M|1|V"
1388;"Kola";513,527;2452;0,2;0,15;0,05;"M|5|V"
1776;"Muroto";280,403;3118;0,2;0,4;0,03;"M|2|V"
593;"Cor Caroli";64,191;4010;0,5;0,92;0,55;"K|5|V"
1248;"Jeronimo";386,691;3910;0,7;0,91;0,51;"K|7|V"
198;"Athenry";35,61;2518;0,3;0,22;0,01;"M|3|V"
2743;"Weldon";439,52;2847;0,2;0,44;0,05;"M|1|V"
2729;"Waycross";142,952;5450;1;1,04;0,8;"G|5|V"
756;"Duran";300,32;3084;0,1;0,42;0,02;"M|3|V"
1998;"Paulus Prime";485,685;2438;0,3;0,17;0,08;"M|0|V"
2802;"Yorii";22,621;4190;0,7;0,76;0,27;"K|2|V"
1543;"Lyceum";435,249;5282;0,8;0,98;0,94;"G|2|V"
874;"Finsterwalde";290,373;5535;0,9;1,07;1,01;"G|4|V"
218;"Avellaneda";100,437;4097;0,6;0,7;0,17;"K|3|V"
2159;"Roadside";412,643;2729;0,3;0,16;0,01;"M|2|V"
3102;"Lemnos";1009,009;3083;0,4;0,34;0,02;"M|2|V"
707;"Diboll";480,08;2448;0,1;0,47;0,01;"M|5|V"
1713;"Mindrel";585,474;3184;0,3;0,48;0,04;"M|3|V"
2278;"Sendalor";270,418;2977;0,2;0,58;0,04;"M|2|V"
1565;"Maia";387,893;3856;0,6;0,8;0,18;"K|5|V"
215;"Australia";419,99;2809;0,4;0,45;0,04;"M|1|V"
948;"Ghorepani";406,613;4095;0,7;0,75;0,4;"K|3|V"
1021;"Gurnet";249,28;2564;0,3;0,2;0,04;"M|5|V"
1593;"Manotick";395,844;3813;0,5;0,77;0,09;"K|5|V"
2317;"Shira";739,367;4003;0,7;0,81;NA;"K|7|V"
1029;"Hadnall";296,156;2475;0,4;0,66;0,06;"M|0|V"
1513;"Lone Star";50,631;3844;NA;0,88;0,34;"K|5|V"
1092;"Helvetica";616,942;4477;0,5;0,74;0,1;"K|2|V"
1692;"Metter";542,192;3236;0,2;0,1;0,01;"M|2|V"
2831;"Zelmag";481,861;3880;0,6;0,92;0,58;"K|2|V"
1322;"Kelang";409,796;2479;0,1;0,32;0,07;"M|7|V"
2295;"Shasta";241,161;3097;0,3;0,64;0,03;"M|2|V"
1206;"Ipava";279,78;4251;NA;0,94;0,3;"K|0|V"
1081;"Helbrent";427,121;4121;0,6;0,91;0,46;"K|2|V"
477;"Carmacks";299,777;4065;0,6;0,89;0,43;"K|2|V"
234;"Bad News";465,136;2680;0,3;0,15;0,03;"M|6|V"
1627;"Matsuida";306,882;2699;0,4;0,42;0,03;"M|6|V"
514;"Chakachamna";350,362;2793;0,3;0,15;0,03;"M|2|V"
968;"Glentworth";341,741;3173;0,3;0,6;0,05;"M|3|V"
1284;"Kalmar";309,746;5579;0,9;1,09;1,46;"G|4|V"
301;"Benfled";270,772;2543;0,4;0,7;0,04;"M|8|V"
38;"Agador";86,825;3127;0,2;0,23;0,06;"M|3|V"
801;"Emris";173,88;3995;0,5;0,89;0,38;"K|6|V"
1646;"McRae";559,604;5678;0,9;1,14;1,25;"G|2|V"
2520;"Tetski";491,614;3532;0,1;0,27;0,03;"M|1|V"
2649;"Valil'yevskiy";374,641;3322;0,3;0,68;0,02;"M|2|V"
2959;"Shadow";1749,943;2617;0,2;0,5;0,06;"M|7|V"
1392;"Komephoros";98,1;2843;0,3;0,08;0,07;"M|3|V"
359;"Bolan";278,021;2570;0,3;0,6;0,01;"M|3|V"
2784;"Xanthe";337,454;5795;1;0,97;0,64;"G|2|V"
3075;"Thala";972,585;2892;0,4;0,3;0,01;"M|2|V"
95;"Alta";290,073;3869;0,6;0,82;0,08;"K|3|V"
2896;"Diik";705,361;2483;0,1;0,14;0,05;"M|7|V"
289;"Belacruz";418,31;3707;0,6;0,7;0,16;"K|6|V"
786;"Electra";387,669;5353;1;1,06;NA;"G|2|V"
1727;"Miyada";395,274;2741;0,3;0,48;NA;"M|1|V"
2415;"Stockpoll";251,813;2602;0,3;0,12;0,05;"M|7|V"
2149;"Reykavis";464,532;2605;0,2;0,57;0,06;"M|3|V"
1192;"Inchicore";362,448;4689;0,7;0,93;0,26;"K|3|V"
2266;"Scituate";236,889;5598;0,8;1,01;0,98;"G|4|V"
766;"Ebensburg";383,58;4310;0,7;0,83;0,44;"K|4|V"
2227;"Sanilac";158,705;4018;0,7;0,89;0,13;"K|5|V"
1953;"Osmus Saar";229,279;2469;0,2;0,13;NA;"M|6|V"
757;"Dustball";285,97;5426;0,9;1,05;1,02;"G|4|V"
2879;"Thadora's Land";452,092;2421;0,3;0,15;0,03;"M|1|V"
1280;"Kajikazawa";167,797;2970;0,4;0,11;0,03;"M|2|V"
1244;"Jeju";491,423;3914;0,5;0,76;0,21;"K|6|V"
2170;"Rollis";411,883;3099;0,3;0,1;0,05;"M|2|V"
269;"Bass";415,671;2506;0,4;0,2;0,07;"M|7|V"
2820;"Zara";260,889;2458;0,4;0,09;0,06;"M|3|V"
1790;"Nai-Stohl";72,411;2746;0,3;0,12;0,02;"M|2|V"
119;"Amminadav";457,087;2943;0,4;0,09;0,03;"M|3|V"
2693;"Vipaava";375,662;2943;0,2;0,42;0,05;"M|5|V"
2997;"Kampen";1170,539;5474;0,9;1,01;0,63;"G|4|V"
2740;"Weistheimer";574,024;2763;0,3;0,51;0,03;"M|1|V"
1209;"Irian";73,114;2520;0,2;0,69;0,04;"M|1|V"
1614;"Markesan";233,831;3529;0,1;0,49;0,05;"M|1|V"
2019;"Phact";140,318;3908;0,7;0,87;NA;"K|6|V"
179;"Armington";518,984;4607;0,7;0,78;0,5;"K|3|V"
2542;"Tiber";192,517;4371;0,8;0,95;0,42;"K|3|V"
1437;"La Ligua";786,129;3898;0,5;0,74;0,39;"K|1|V"
2202;"Sadachbia";88,221;2619;0,4;0,55;0,06;"M|7|V"
88;"Alphard";83,559;5501;0,9;1,13;1,06;"G|3|V"
998;"Graz";251,101;2471;0,2;0,26;0,07;"M|7|V"
188;"Asellus Australis";151,527;2979;0,3;0,5;0,01;"M|1|V"
2872;"Maximillian";460,851;2592;0,3;0,43;0,03;"M|3|V"
2819;"Zaprudy";333,228;2884;0,3;0,29;0,08;"M|5|V"
2774;"Woogi";470,401;3406;0,2;0,2;0,03;"M|2|V"
2600;"Tukayyid";210,467;2890;0,2;0,36;0,05;"M|5|V"
1603;"Marawi";272,134;5634;1;1,1;1,06;"G|3|V"
2636;"Urich";429,763;2547;0,2;0,61;0,01;"M|3|V"
1753;"Moore";64,313;4490;0,6;0,84;0,47;"K|4|V"
2783;"Wypoute";498,894;NA;0,1;0,33;0,04;"M|6|V"
3078;"Drachenfeld";1187,328;2623;0,2;0,51;0,04;"M|2|V"
466;"Caph";12,929;4848;0,5;0,93;0,09;"K|0|V"
1746;"Monroe";405,723;3065;0,3;0,34;NA;"M|0|V"
3107;"Chaffee";1779,52;4174;0,7;0,71;0,49;"K|3|V"
2642;"Vaj";205,369;3012;0,4;0,08;0,07;"M|3|V"
619;"Cree";311,687;5544;0,9;1,08;1,37;"G|5|V"
196;"Asta";25,875;4263;0,6;0,94;0,46;"K|5|V"
1292;"Kansu";90,314;2943;0,3;0,39;0,06;"M|5|V"
1833;"New Hessen";101,586;4701;0,5;0,87;0,39;"K|2|V"
138;"Anguilla";419,341;4126;0,7;0,76;0,41;"K|5|V"
1361;"Kirkcaldy";159,557;2499;0,4;0,49;0,06;"M|3|V"
2262;"Schmitt";527,197;3143;0,4;0,63;0,03;"M|3|V"
75;"Alkalurops";57,737;2880;0,2;0,29;0,02;"M|4|V"
782;"El Kerak";375,541;4274;0,6;0,82;0,17;"K|4|V"
812;"Epsilon";321,732;3755;NA;0,74;0,4;"K|3|V"
1786;"Nagel";471,013;4811;0,7;0,95;0,39;"K|2|V"
1020;"Gunzburg";290,51;3008;0,4;0,62;0,03;"M|1|V"
66;"Alfirk";743,454;4257;0,7;0,7;0,48;"K|2|V"
187;"Ascella";77,285;2908;0,1;0,33;0,01;"M|5|V"
2714;"Waldorff";382,194;3214;0,2;0,16;0,06;"M|1|V"
1664;"Mejicanos";506,009;3321;0,1;0,5;0,02;"M|2|V"
1821;"New Capetown";362,678;2746;0,1;0,65;0,08;"M|2|V"
1414;"Krimari";468,344;5342;1;1,09;1,35;"G|3|V"
2365;"Snailzar";103,581;2830;0,2;0,29;0,04;"M|6|V"
2666;"Veckholm";169,866;5472;1;1,09;1,39;"G|2|V"
2913;"Micros";564,446;2545;0,4;0,52;0,06;"M|3|V"
945;"Genoa";71,371;3004;0,1;0,6;0,04;"M|2|V"
2847;"Zosma";51,222;5633;1;1,05;1,05;"G|4|V"
794;"Ellsworth";318,967;2673;0,2;0,23;0,02;"M|6|V"
2071;"Prix";330,533;3141;0,4;0,16;0,05;"M|1|V"
1623;"Matamoras";430,949;2658;0,3;0,28;0,05;"M|2|V"
277;"Baxter";116,922;2463;0,2;0,66;0,05;"M|4|V"
290;"Belaire";432,578;2614;0,3;0,49;0,05;"M|0|V"
779;"Ejeda";747,661;2909;0,4;0,14;0,04;"M|1|V"
961;"Givrodat";554,982;2589;0,2;0,18;0,08;"M|6|V"
280;"Bayis";303,857;2428;0,2;0,41;NA;"M|8|V"
321;"Bharat";72,17;3196;0,2;0,56;0,07;"M|3|V"
165;"Arcadia";186,516;2856;0,2;0,14;0,05;"M|4|V"
1902;"Novo Franklin";670,721;3058;0,1;0,39;0,05;"M|2|V"
2766;"Wisconsin";336,56;5256;1;1,14;1,29;"G|5|V"
2697;"Virtue";408,863;4469;0,5;0,92;0,26;"K|2|V"
1857;"New Vallis";421,7;3362;0,1;0,44;0,02;"M|1|V"
2859;"Astrokaszy";428,893;5551;0,9;1,04;0,76;"G|5|V"
157;"Apostica";166,39;3237;0,2;0,21;0,02;"M|2|V"
2480;"Tangua";410,358;2495;0,4;0,66;0,04;"M|8|V"
742;"Dromini";69,358;2906;0,3;0,19;0,05;"M|1|V"
2188;"Rudolpho";556,476;5404;0,9;1,01;1,44;"G|5|V"
2180;"Rosice";284,198;4481;NA;0,7;0,4;"K|3|V"
523;"Charity";411,035;5721;0,9;1,12;NA;"G|2|V"
692;"Derby";560,73;5367;1;1,09;1,26;"G|2|V"
2011;"Perdition";470,573;3145;NA;0,54;0,05;"M|1|V"
1251;"Jezersko";380,237;5206;1;0,97;1,23;"G|4|V"
61;"Aldrecht";174,724;NA;0,7;0,84;0,37;"K|3|V"
252;"Banfora";363,172;2900;0,3;0,22;0,07;"M|2|V"
600;"Coriscana";217,338;3858;0,6;0,8;0,28;"K|6|V"
1312;"Kawabe";276,251;5288;0,9;1,01;1,35;"G|5|V"
1186;"Imalda";242,066;3145;0,4;0,28;0,06;"M|2|V"
2527;"Thazi";796,344;2589;0,1;0,68;0,05;"M|1|V"
1666;"Melilla";572,121;3326;0,1;0,2;0,07;"M|2|V"
2873;"New St. Andrews";524,267;3887;0,8;0,76;0,57;"K|5|V"
1736;"Mogyorod";433,593;3198;0,2;0,61;0,02;"M|2|V"
1594;"Mansfield";399,634;3896;NA;0,93;0,13;"K|7|V"
2269;"Second Chance";131,766;3325;0,3;0,28;0,06;"M|2|V"
2027;"Pike";44,113;3000;0,3;0,3;0,05;"M|2|V"
918;"Galatia";91,836;3005;0,3;0,09;0,01;"M|0|V"
156;"Apollo";451,472;4167;0,7;0,92;0,15;"K|6|V"
1763;"Morthac";475,834;2439;0,2;0,41;0,04;"M|3|V"
150;"Anywhere";466,992;3812;0,7;0,95;0,46;"K|0|V"
1875;"Niops";457,325;2650;NA;0,28;NA;"M|5|V"
2505;"Techne's Revenge";483,669;2441;0,4;0,34;0,01;"M|8|V"
